"hapl","seq"
"HS001","TTCTTTATAAATATTCATATACATATATACTATGTATTATTGTGCATTCATTTATTTTCCATACGGTCAGTTAAAGCTCGTATTAGATCTTATTAATTTTACAAATCACATAATATGCATGCTCTTACATATTATATATCAACAGTCCATTTTACCTCCATTATATACTATGGCCGCTCCATTAGATCACGAGCTTAACTACCATGCCGCGTGAAACCAGCAACCCGCTCGGCA"
"HS002","TTCTTTATAAATATTCATATACACATATACTATGTATTATTGTGCATTCATTTATTTTCCATACGACCAGTTAAAGCTCGTATTAAATCTTATTAATTTTACAAATCACATAATATGCATGCTCTTACATATTATATATCAGCAGTCCATTTTACCTCCATTATATACTATGGCCGCTCCATTAGATCACGAGCTTAACCACCATGCCGCGTGAAACCAGCAACCCGCTCGGCA"
"HS003","TTCTTTATAAATATTCATATACATATATACTATGTATTATTGTGCATTCATTTATTTTCCATACGGTCAGTTAAAGCTCGTATTAGATCTTATTAATTTTACAAATCACATAATATGCATGCTCTTACATATTATATATCAACAGTCCATTTTACCTCCATTATATACTATGGCCGCTCCATTAGATCACGAGCTTAACCACCATGCCGCGTGAAACCAGCAACCCGCTCGGCA"
"HS004","TTCTTTATAAATATTCATATACACATATACTATGTATTATTGTGCATTCATTTATTTTCCATACGACCAGTTAAAGCTCGTATTAAATCTTATTAATCTTACAAATTACATAATATGCATGCTCTTACATATTATATATCAGCAGTCCATTTTACCTCCATTATATACTATGGCCGCTCCATTAGATCACGAGCTTAACCACCATGCCGCGTGAAACCAGCAACCCGCTCGGCA"
"HS005","TTCTTTATAAATATTCATATACACATATACTATGTATTATTGTGCATTCATTTATTTTCCATACGACCAGTTAAAGCTCGTATTAAATCTTATTAATTTTACAAATTACATAATATGCATGCTCTTACATATTATATATCAGCAGTTCATTTTACCTCCATTATATACTATGGCCGCTCCATTAGATCACGAGCTTAACCACCATGCCGCGTGAAACCAGCAACCCGCTCGGCA"
"HS006","TTCTTTATAAATATTCATATACATATATACTATGTATTATTGTGCATTCATTTATTTTCCATACGATCAGTTAAAGCTCGTATTAGATCTTATTAATTTTACAAATCACATAATATGCATGCTCTTACATATTATATATCAACAGTCCATTTTACTTCCATTATATACTATGGCCGCTCCATTAGATCACGAGCTTAACTACCATGCCGCGTGAAACCAGCAACCCGCTCGGCA"
"HS007","TTCTTTATAAATATTCATATACACATATACTATGTATTATTGTGCATTCATTTATTTTCCATACGACCAGTTAAAGCTCGTATTAAATCTTATTAATTTTACAAATTACATAATATGCATGCTCTTACATATTATATATCAGCAGTCCATTTTACCTCCATTATATACTATGGCCGCTCCATTAGATCACGAGCTTAACCACCATGCCGCGTGAAACCAGCAACCCGCTCGGCA"
"HS008","TTCTTTATAAATATTCATATACATATATACTATGTATTATTGTGCATTCATTTATTTTCCATACGGTCAGTTAAAGCTCGTATTAGATCTTATTAATTTTACAAATCACATAATATGCATGCTCTTACATATTATATATCAACAGTCCATTTTACCTCCATTATATACTATGGCCGCTCCATTAGATCACGAGCTTAACTACCATGCCGCGTGAAACCAGCAACCCGCTTGGCA"
"HS009","TTCTTTATAAATATTCATATACATATATACTATGTATTATTGTGCATTCATTTATTTTCCATACGGTCAGTTAAAGCTCGTATTAGATCTTATTAATTTTACAAATCACATAATATGCATGCTCTTACATATTATATATCAACAGTCCATTTTACTTCCATTATATACTATGGCCGCTCCATTAGATCACGAGCTTAACTACCATGCCGCGTGAAACCAGCAACCCGCTCGGCA"
"HS010","TTCTTTATAAATATTCATATACATATATACTATGTATTATTGTGCATTCATTTATTTTCCATACGGTCAGTTAAAGCTCGTATTAGATCTTATTAATTTTACAAATCACATAATATGCATGCTCTTACATATTATATATCAACAGTCCATTTTATCTCCATTATATACTATGGCCGCTCCATTAGATCACGAGCTTAACTACCATGCCGCGTGAAACCAGCAACCCGCTCGGCA"
"HS011","TTCTTTATAAATATTCATATACATATATACTATGTATTATTGTGCATTCATTTATTTTCCATACGACCAGTTAAAGCTCGTATTAGATCTTATTAATTTTACAAATCACATAATATGCATGCTCTTACATATTATATATCAACAGTCCATTTTACTTCCATTATATACTATGGCCGCTCCATTAGATCACGAGCTTAACTACCATGCCGCGTGAAACCAGCAACCCGCTCGGCA"
"HS012","TTCTTTATAAATATTCATATACATATATACTATGTATTATTGTGCATTCATTTATTTTCCATACGGTCAGTTAAAGCTCGTATTAGATCTTATTAATTTTACAAATCACATAATATGCATGCTCTTACATATTATATATCAACAGTCCGTTTTACCTCCATTATATACTATGGCCGCTCCATTAGATCACGAGCTTAACTACCATGCCGCGTGAAACCAGCAACCCGCTCGGCA"
"HS013","TTCTTTATAAATATTCATATACATATATACTATGTATTATTGTGCATTCATTTATTTTCCATACGGTCAGTTAAAGCTCGTATTAGATCTTATTAATTTTACAAATCACATAATATGCATGCTCTTACATATTATATATCAGCAGTCCATTTTACCTCCATTATATACTATGGCCGCTCCATTAGATCACGAGCTTAACTACCATGCCGCGTGAAACCAGCAACCCGCTCGGCA"
"HS014","TTCTTTATAAATATTCATATACATATATACTATGTATTATTGTGCATTCATTTATTTTCCATACGACCAGTTAAAGCTCGTATTAGATCTTATTAATTTTACAAATCACATAATATGCATGCTCTTACATATTATATATCAACAGTCCATTTTACCTCCATTATATACTATGGCCGCTCCATTAGATCACGAGCTTAATTACCATGCCGCGTGAAACCAGCAACCCGCTCGGCA"
"HS015","TTCTTTATAAATATTCATATACATATATACTATGTATTATTGTGCATTCATTTATTTTCCATACGGTCAGTTAAAGCTCGTATTAGATCTTATTAATTTTACAAATCACATAATATGCATGCTCTTACATATTATATATCAGCAGTCCGTTTTACCTCCATTATATACTATGGCCGCTCCATTAGATCACGAGCTTAACTACCATGCCGCGTGAAACCAGCAACCCGCTCGGCA"
"HS016","TTCTTTATAAATATTCATATACACATATACTATGTATTATTGTGCATTCATTTATTTTCCATACGACCAGTTAAAGCTCGTATTAAATCTTATTAATTTTACAAATTACATAATATGCATGCTCTTACATATTATATATCAGCAGTCCATTTTATCTCCATTATATACTATGGCCGCTCCATTAGATCACGAGCTTAACCACCATGCCGCGTGAAACCAGCAACCCGCTCGGCA"
"HS017","TTCTTTATAAATATTCATATACACATATACTATGTATTATTGTGCATTCATTTATTTTCCATACGACCAGTTAAAGCTCGTATTAAATCTTATTAATTTTACAAATTACATAATATGCATGCTCTTACATATTATATATCAACAGTCCATTTTACCTCCATTATATACTATGGCCGCTCCATTAGATCACGAGCTTAACCACCATGCCGCGTGAAACCAGCAACCCGCTCGGCA"
"HS018","TTCTTTATAAATATTCATATACACATATACTATGTATTATTGTGCATTCATTTATTTTCCATACGACCAGTTAAAGCTCGTATTAAATCTTATTAATTTTACAAATTACATAATATGCATGCTCTTACATATTATATATCAGCAGTCCGTTTTACCTCCATTATATACTATGGCCGCTCCATTAGATCACGAGCTTAACCACCATGCCGCGTGAAACCAGCAACCCGCTCGGCA"
"HS019","TTCTTTATAAATATTTATATACATATATACTATGTATTATTGTGCATTCATTTATTTTCCATACGACCAGTTAAAGCTCGTATTAGATCTTATTAATTTTACAAATCACATAATATGCATGCTCTTACATATTATATATCAACAGTCCATTTTACCTCCATTATATACTATGGCCGCTCCATTAGATCACGAGCTTAATTACCATGCCGCGTGAAACCAGCAACCCGCTCGGCA"
"HS020","TTCTTTATAAATATTCATATACATATATACTATGTATTATTGTGCATTCATTTATTTTCCATACGGTCAGTTAAAGCTCGTATTAGATTTTATTAATTTTACAAATCACATAATATGCATGCTCTTACATATTATATATCAACAGTCCATTTTACTTCCATTATATACTATGGCCGCTCCATTAGATCACGAGCTTAACTACCATGCCGCGTGAAACCAGCAACCCGCTCGGCA"
"HS021","TTCTTTATAAATATTCATATACATATATACTATGTATTATTGTGCATTCATTTATTTTCCATACGGTCAGTTAAAGCTCGTATTAGATCTTATTAATTTTACAAATCACATAATATGCATGCTCTTACATATTATATATCAACAGTTCATTTTACTTCCATTATATACTATGGCCGCTCCATTAGATCACGAGCTTAACTACCATGCCGCGTGAAACCAGCAACCCGCTCGGCA"
"HS022","TTCTTTATAAATATTCATATACATATATACTATGTATTATTGTGCATTCATTTATTTTCCATACGGTCAGTTAAAGCTCGTATTAGATTTTATTAATTTTACAAATCACATAATATGCATGCTCTTACATATTATATATCAACAGTCCATTTTACCTCCATTATATACTATGGCCGCTCCATTAGATCACGAGCTTAACTACCATGCCGCGTGAAACCAGCAACCCGCTCGGCA"
"HS023","TTCTTTATAAATATTCATATACATATATACTATGTATTATTGTGCATTCATTTATTTTCCATACGGTCAGTTAAAGCCCGTATTAGATCTTATTAATTTTACAAATCACATAATATGCATGCTCTTACATATTATATATCAACAGTCCATTTTACCTCCATTATATACTATGGCCGCTCCATTAGATCACGAGCTTAACTACCATGCCGCGTGAAACCAGCAACCCGCTCGGCA"
"HS024","TTCTTTATAAATATTCATATACATATATACTATGTATTATTGTGCATTCATTTATTTTCCATACGGTCAGTTAAAGCTCGTATTAAATCTTATTAATTTTACAAATCACATAATATGCATGCTCTTACATATTATATATCAACAGTCCATTTTACCTCCATTATATACTATGGCCGCTCCATTAGATCACGAGCTTAACTACCATGCCGCGTGAAACCAGCAACCCGCTCGGCA"
"HS025","TTCTTCATAAATATTCATATACATATATACTATGTATTATTGTGCATTCATTTATTTTCCATACGGTCAGTTAAAGCTCGTATTAGATCTTATTAATTTTACAAATCACATAATATGCATGCTCTTACATATTATATATCAGCAGTCCGTTTTACCTCCATTATATACTATGGCCGCTCCATTAGATCACGAGCTTAACTACCATGCCGCGTGAAACCAGCAACCCGCTCGGCA"
"HS026","TTCTTTATAAATATTCATATACATATATACTATGTATTATTGTGCATTCATTTATTTTCCATACGGTCAGTTAAAGCTCGTATTAGATCTTATTAATTTTACAAATTACATAATATGCATGCTCTTACATATTATATATCAACAGTCCATTTTACCTCCATTATATACTATGGCCGCTCCATTAGATCACGAGCTTAACTACCATGCCGCGTGAAACCAGCAACCCGCTCGGCA"
"HS027","TTCTTTATAAATATTCATATACATATATACTATGTATTATTGTGCATTCATTTATTTTCCATACGGTCAGTTAAAGCTCGTATTAGATCTTATTAATTTTACAAATCAGATAATATGCATGCTCTTACATATTATATATCAACAGTCCATTTTACTTCCATTATATACTATGGCCGCTCCATTAGATCACGAGCTTAACTACCATGCCGCGTGAAACCAGCAACCCGCTCGGCA"
"HS028","TTCTTTATAAATATTCATATACATATATACTATGTATTATTGTGCATTCATTTATTTTCCATACGATCAGTTAAAGCTCGTATTAGATCTTATTAATTTTACAAATCACATAATATGCATGCTCTTACATATTATATATCAACAGTCCATTTTACTTCCATTATATACTATGGCCGCTCCATTAGATCGCGAGCTTAACTACCATGCCGCGTGAAACCAGCAACCCGCTCGGCA"
"HS029","TTCTTTATAAATATTCATATACATATATACTATGTATTATTGTGCATTCATTTATTTTCCATACGATCAGTTAAAGCTCGTATTAGATCTTATTAATTTTACAAATCACATAATATGCATGCTCTTACATATTATATATCAACAGTCCATTTTACTTCCATTATATACTATGGCCGCTCCATTAGATCACGAGCTTAACTACCATGCCGCGTGAAACCAGCAACCCGCTTGGCA"
"HS030","TTCTTTATAAATATTCATATACATATATACTATGTATTATCGTGCATTCATTTATTTTCCATACGATCAGTTAAAGCTCGTATTAGATCTTATTAATTTTACAAATCACATAATATGCATGCTCTTACATATTATATATCAACAGTCCATTTTACTTCCATTATATACTATGGCCGCTCCATTAGATCACGAGCTTAACTACCATGCCGCGTGAAACCAGCAACCCGCTCGGCA"
"HS031","TTCTTTATAAATATTCATATACATATATACTATGTATTATTGTGCATTCATTTATTTTCCATACGATCAGTTAAAGCTCGTATTAGATTTTATTAATTTTACAAATCACATAATATGCATGCTCTTACATATTATATATCAACAGTCCATTTTACTTCCATTATATACTATGGCCGCTCCATTAGATCACGAGCTTAACTACCATGCCGCGTGAAACCAGCAACCCGCTCGGCA"
"HS032","TTCTTTATAAATATTCATATACACATATACTATGTATTATTGTGCATTCATTTATTTTCCATACGACCAGTTAAAGCTCGTATTAAATCTTATTAATTTTACAAATTACATAATATGCATGCTCTTACATATTATATATCAGCAGTCCATTTTACCTCCATTATATACTATGGCCGCTCCATTAGATCACGAGCTTAATCACCATGCCGCGTGAAACCAGCAACCCGCTCGGCA"
"HS033","TTCTTTATAAATATTCATATACATATATACTATGTATTATTGTGCATTCATTTATTTTCCATACGGTCAGTTAAAGCTCGTATTAGATCTTATTAATTTTACAAATCACATAATATGCATGCTCTTACATATTATATATCAACAGTCCATTTTACTTCCATTATATACTATGGCCGCTCCATTAGATCACGAGCTTAACTAGCATGCCGCGTGAAACCAGCAACCCGCTCGGCA"
"HS034","TTCTTTATAAATATTCATATACATATATACTATGTATTATTGTGCATTCATTTATTTTCCATACGGTCAGTTAAAGCTCGTATTAGATTTTATTAATTTTACAAATCACATAATATGCATGCTCTTACATATTATATATCAACAGTCCATTTTACCTCCATTATATACTATGGCCGCTCCATTAGATCACGAGCTTAACCACCATGCCGCGTGAAACCAGCAACCCGCTCGGCA"
"HS035","TTCTTTATAAATATTCATATACATATATACTATGTATTATTGTGCATTCATTTATTTTCCATACGACCAGTTAAAGCTCGTATTAGATCTTATTAATTTTACAAATCACATAATATGCATGCTCTTACATATTATATATCAACAGTCCATTTTATTTCCATTATATACTATGGCCGCTCCATTAGATCACGAGCTTAACTACCATGCCGCGTGAAACCAGCAACCCGCTCGGCA"
"HS036","TTCTTTATAAATATTCATATACATATATACTATGTATTATTGTGCATTCATTTATTTTCCATACGGTCAGTTAAAGCTCGTATTAGATCTTATTAATTTTACAAATCACATAATATGCATGCTCTTACATATTATATATCAACAGTCCATTTTATTTCCATTATATACTATGGCCGCTCCATTAGATCACGAGCTTAACTACCATGCCGCGTGAAACCAGCAACCCGCTCGGCA"
"HS037","TTCTTTATAAATATTCATATACATATATACTATGTATTATTGTGCATTCATTTATTTTCCATACGATCAGTTAAAGCTCGTATTAGATCTTATTAATTTTACAAATCACATAATATGCATGCTCTTACATATTATATATCAACAGTCCGTTTTACTTCCATTATATACTATGGCCGCTCCATTAGATCACGAGCTTAACTACCATGCCGCGTGAAACCAGCAACCCGCTCGGCA"
"HS038","TTCTTTATAAATATTCATATACATATATACTATGTATTATTGTGCATTCATTTATTTTCCATACGACCAGTTAAAGCTCGTATTAGATCTTATTAATTTTACAAATCACATAATATGCGTGCTCTTACATATTATATATCAACAGTCCATTTTACTTCCATTATATACTATGGCCGCTCCATTAGATCACGAGCTTAACTACCATGCCGCGTGAAACCAGCAACCCGCTCGGCA"
"HS039","TTCTTTATAAATATTCATATACACATATACTATGTATTATTGTGCATTCATTTATTTTCCATACGACCAGTTAAAGCTCGTATTAAATCTTATTAATTTTACAAATTACATAATATGTATGCTCTTACATATTATATATCAGCAGTCCATTTTACCTCCATTATATACTATGGCCGCTCCATTAGATCACGAGCTTAACCACCATGCCGCGTGAAACCAGCAACCCGCTCGGCA"
"HS040","TTCTTTATAAATATTCATATACATACATACTATGTATTATTGTGCATTCATTTATTTTCCATACGGTCAGTTAAAGCTCGTATTAGATCTTATTAATTTTACAAATCACATAATATGCATGCTCTTACATATTATATATCAACAGTCCATTTTACCTCCATTATATACTATGGCCGCTCCATTAGATCACGAGCTTAACTACCATGCCGCGTGAAACCAGCAACCCGCTCGGCA"
"HS041","TTCTTTATAAATATTCATATACACATATACTATGTATTATTGTGCATTCATTTATTTTCCATACGACCAGTTAAAGCTCGTATTAAATCTTATTAATTTTACAAATTACATAATATGCATGCTCTTACATATTATATATCAGCAGTCCATTTTATTTCCATTATATACTATGGCCGCTCCATTAGATCACGAGCTTAACCACCATGCCGCGTGAAACCAGCAACCCGCTCGGCA"
"HS042","TTCTTTATAAATATTCATATATATATATACTATGTATTATTGTGCATTCATTTATTTTCCATACGATCAGTTAAAGCTCGTATTAGATCTTATTAATTTTACAAATCACATAATATGCATGCTCTTACATATTATATATCAACAGTCCATTTTACTTCCATTATATACTATGGCCGCTCCATTAGATCACGAGCTTAACTACCATGCCGCGTGAAACCAGCAACCCGCTCGGCA"
"HS043","TTCTTTATAAATATTCATATACACATATACTATGTATTATTGTGCATTCATTTATTTTCCATACGACCAGTTAAAGCTCGTATTAAATCTTATTAATTTTACAAATTACATAATATGCATGCTCTTACATATTATATATCAGCAGTCCATTTTATTTCCATTATATACTATGGCCGCTCCATTAGATCACGAGCTTAATCACCATGCCGCGTGAAACCAGCAACCCGCTCGGCA"
"HS044","TTCTTTATAAATATTCATATACACATATACTATGTATTATTGTGCATTCATTTATTTTCCATACGATCAGTTAAAGCTCGTATTAAATCTTATTAATTTTACAAATTACATAATATGCATGCTCTTACATATTATATATCAGCAGTCCATTTTATTTCCATTATATACTATGGCCGCTCCATTAGATCACGAGCTTAACCACCATGCCGCGTGAAACCAGCAACCCGCTCGGCA"
"HS045","TTCTTTATAAATATTCATATACATATATACTATGTATTATTGTGCATTCATTTATTTTCCATACGATCAGTTAAAGCTCGTATTAGATCTTATTAATTTTACAAATCACATAATATGCATGCTCTTACATATTATATATCAACAGTCCATTTTACCTCCATTATATACTATGGCCGCTCCATTAGATCACGAGCTTAACTACCATGCCGCGTGAAACCAGCAACCCGCTCGGCA"
"HS046","TTCTTTATAAATATTTATATACATATATACTATGTATTATTGTGCATTCATTTATTTTCCATACGACCAGTTAAAGCTCGTATTAGATCTTATTAATTTTACAAATCACATAATATGCATGCTCTTACATATTATATATCAACAGTCCATTTTACTTCCATTATATACTATGGCCGCTCCATTAGATCACGAGCTTAATTACCATGCCGCGTGAAACCAGCAACCCGCTCGGCA"
"HS047","TTCTTTATAAATATTCATATACACATATACTATGTATTATTGTGCATTCATTTATTTTCCATACGATCAGTTAAAGCTCGTATTAAATCTTATTAATTTTACAAATTACATAATATGCATGCTCTTACATATTATATATCAGCAGTCCATTTTACCTCCATTATATACTATGGCCGCTCCATTAGATCACGAGCTTAACCACCATGCCGCGTGAAACCAGCAACCCGCTCGGCA"
"HS048","TTCTTTATAAATATTCATATACACATATACTATGTATTATTGTGCATTCATTTATTTTCCATACGACCAGTTAAAGCTCGTATTAAATCTTATTAATTTTACAAATCACATAATATGCATGCTCTTACATATTATATATCAGCAGTCCATTTTACTTCCATTATATACTATGGCCGCTCCATTAGATCACGAGCTTAACCACCATGCCGCGTGAAACCAGCAACCCGCTCGGCA"
"HS049","TTCTTTATAAATATTCATATACATATATACTATGTATTATTGTGCATTCATTTATTTTCCATACGGTCAGTTAAAGCTCGTATTAGATTTTATTAATTTTACAAATCACATAATATGCATGCTCTTACATATTATATATCAGCAGTCCATTTTACCTCCATTATATACTATGGCCGCTCCATTAGATCACGAGCTTAACTACCATGCCGCGTGAAACCAGCAACCCGCTCGGCA"
"HS050","TTCTTTATAAATATTCATATACATATATACTATGTATTATTGTGCATTCATTTATTTTCCATACGGTCAGTTAAAGCTCGTATTAGATATTATTAATTTTACAAATCACATAATATGCATGCTCTTACATATTATATATCAACAGTCCATTTTACCTCCATTATATACTATGGCCGCTCCATTAGATCACGAGCTTAACTACCATGCCGCGTGAAACCAGCAACCCGCTCGGCA"
"HS051","TTCTTTATAAATATTCATATACATATATACTATGTATTATTGTGCATTCATTTATTTTCCATACGGTCAGTTAAAGCTCGTATTAGATCTTATTAATTTTACAAATCACATAATATGCATGCTCTTACATATTATATATCAACAGTCCATTTTACTTCCATTATATACTATGGCCGCTCCATTAGATCACGAGCTTAACCACCATGCCGCGTGAAACCAGCAACCCGCTCGGCA"
